nj,absecon,http://www.absecon-newjersey.org/
nj,aberdeen township,http://www.aberdeennj.org/
nj,adelphia fire company,http://www.adelphiafire.com/index2.htm
nj,alexandria township,http://www.alexandria-nj.us/
nj,allamuchy township,http://www.allamuchynj.org/
nj,allendale,http://www.allendale.org/
nj,allenhurst,http://www.allenhurstnj.org/
nj,allentown,http://www.allentownnj.us/
nj,alloway township,http://www.allowaytownship.com/
nj,alpha borough,http://www.alphaboro.org/
nj,alpine borough,http://www.alpinenj07620.org/
nj,andover borough,http://www.sussex.nj.us/Cit-e-Access/webpage.cfm?TID=7&TPID=4540
nj,andover township,http://www.andovertwp.org/
nj,asbury park,http://www.cityofasburypark.com/
nj,atlantic city,http://www.cityofatlanticcity.org/index.htm
nj,atlantic county,http://www.aclink.org/
nj,atlantic highlands,http://www.ahnj.com/
nj,audubon borough,http://www.boroughofaudubon.com/
nj,audubon park borough,http://www.audubonparknj.org/
nj,avalon,http://www.avalonboro.org/
nj,avon,http://www.avonbytheseanj.com
nj,barnegat light,http://www.barnlight.com/
nj,barnegat township,http://www.ci.barnegat.nj.us/
nj,barrington borough,http://www.barringtonboro.com/
nj,bass river township,http://bassriver-nj.org/index.php
nj,bay head borough,http://www.bayheadnj.org/
nj,bayonne,http://www.bayonnenj.org/default.shtml
nj,beach haven borough,http://www.beachhaven-nj.gov/
nj,beachwood borough,http://www.beachwoodusa.com/
nj,bedminster,http://www.bedminster.us/
nj,bellmawr,http://www.bellmawr.com/
nj,belmar,http://www.belmar.com/
nj,belleville,http://bellevillenj.org/
nj,belvidere town,http://www.belvidere-nj.us
nj,bergen county,http://www.co.bergen.nj.us/
nj,bergen county emergency management,http://www.bcoem.org/
nj,bergen county utilities authority,http://www.bcua.org
nj,bergenfield,http://www.bergenfieldboro.com/
nj,berkeley township,http://twp.berkeley.nj.us/
nj,berkeley heights police,http://www.bhpolice.org/
nj,berkeley heights township,http://www.berkeleyheightstwp.com/
nj,berlin,http://www.berlinnj.org/
nj,berlin township,http://www.berlintwp.com/
nj,bernards township,http://www.bernards.org/
nj,bernardsville,http://www.bernardsvilleboro.org/
nj,bethlehem township,http://www.bethlehem-twp.org/
nj,beverly city,http://www.thecityofbeverly.com/
nj,blackwood fire company,http://www.blackwoodfire.org/
nj,blairstown township,http://www.blairstown-nj.org/
nj,bloomfield township,http://www.bloomfieldtwpnj.com/
nj,bloomingdale borough,http://www.bloomingdalenj.org/
nj,bloomsbury borough,http://www.bloomsburynewjersey.com/
nj,bogota,http://www.bogota.nj.us/
nj,boonton,http://www.boonton.org/
nj,boonton township,http://www.boontontownship.com/
nj,"bordentown, city of",http://cityofbordentown.com/
nj,bordentown township,http://www.bordentowntownship.com/
nj,bound brook borough,http://www.boundbrook-nj.org/
nj,bradley beach,http://www.bradleybeachonline.com/
nj,branchburg,http://www.branchburg.nj.us/
nj,branchville borough,http://www.sussex.nj.us/Cit-e-Access/webpage.cfm?TID=7&TPID=4533
nj,brick township,http://www.twp.brick.nj.us/
nj,brick township police department,http://www.brickpd.com/
nj,bridgeton,http://www.cityofbridgeton.com/
nj,bridgewater township,http://www.bridgewaternj.gov/
nj,brielle borough,http://www.briellenj.com/
nj,brielle police department,http://www.redbird.net/briellepolice/
nj,brigantine,http://www.brigantinebeachnj.com/
nj,brooklawn,http://www.brooklawn.us/
nj,budd lake volunteer fire department,http://www.buddlakefire.org/
nj,buena borough,http://www.buenaboro.org/
nj,buena vista township,http://www.buenavistatownship.org/
nj,burlington city,http://www.burlingtonnj.us/
nj,burlington county,http://co.burlington.nj.us/
nj,burlington county municipalities,http://www.co.burlington.nj.us/Pages/pages.aspx?cid=613
nj,burlington township,http://www.twp.burlington.nj.us/
nj,butler borough,http://www.butlerborough.com/
nj,byram township,http://www.byramtwp.org/
nj,caldwell,http://www.caldwell-nj.com/
nj,camden,http://www.ci.camden.nj.us/
nj,camden county,http://www.co.camden.nj.us/
nj,cape may,http://www.capemaycity.org/
nj,cape may county,http://www.co.cape-may.nj.us/
nj,carlstadt,http://carlstadtnj.us/
nj,carneys point fire department and rescue squad,http://www.carneyspointfire.org/
nj,carneys point township,http://www.carneyspointnj.gov/
nj,carteret,http://www.ci.carteret.nj.us/
nj,cedar grove,http://www.cedargrovenj.org/
nj,chatham borough,http://www.chathamborough.org/
nj,chatham township,http://www.chathamtownship.org/
nj,cherry hill,http://www.cherryhill-nj.com/
nj,chesilhurst borough,http://chesilhurst.readyhosting.com/municipal.htm
nj,chester borough,http://www.chesterborough.org/
nj,chester township,http://www.chestertownship.org/
nj,chesterfield township,http://www.chesterfieldtwp.com/
nj,cinnaminson fire department,http://www.cinnaminsonfire.org/
nj,cinnaminson township,http://www.cinnaminsonnj.org/
nj,clark,http://www.ourclark.com/
nj,clayton borough,http://www.claytonnj.com/
nj,clementon borough,http://www.clementonborough.com/
nj,cliffside park borough,http://www.cliffsideparknj.gov/
nj,clifton,http://www.cliftonnj.org/
nj,clinton,http://www.clintonnj.gov/
nj,clinton township,http://www.township.clinton.nj.us/
nj,closter borough,http://www.closterboro.com/
nj,collingswood borough,http://www.collingswood.com/
nj,colts neck,http://www.colts-neck.nj.us/
nj,commercial township,http://www.commercialtwp.com/
nj,corbin city,http://www.aclink.org/Admin/Main/Municipal.asp
nj,cranbury,http://www.cranburytownship.org/
nj,cranford,http://www.cranford.com/township/
nj,cranford police department,http://www.cranford.com/police/
nj,cresskill,http://www.cresskillboro.com/
nj,cumberland county,http://www.co.cumberland.nj.us/
nj,cumberland county 9-1-1 communications center,http://www.co.cumberland.nj.us/content/173/251/765/1910/default.aspx
nj,deal,http://www.dealborough.com/
nj,deerfield township,http://www.deerfieldtownship.org/
nj,delanco township,http://www.delancotownship.com/
nj,delaware township,http://www.delawaretwpnj.org/
nj,delran township,http://www.delrantownship.org/
nj,demarest borough,http://www.demarestnj.net/
nj,dennis township,http://www.dennistwp.org/
nj,denville township,http://www.denvillenj.org/
nj,deptford township,http://www.deptford-nj.org/
nj,dover,http://www.dover.nj.us/
nj,downe township,http://www.downetwpnj.org/
nj,dumont,http://www.dumontnj.gov/
nj,dunellen,http://www.dunellenborough.net/
nj,east amwell township,http://www.eastamwelltownship.com/
nj,east brunswick,http://www.eastbrunswick.org/
nj,east brunswick police department,http://www.eastbrunswick.org/content/204/299/default.aspx
nj,east greenwich township,http://www.eastgreenwichnj.com/
nj,east hanover,http://www.easthanovertownship.com/
nj,east newark borough,http://www.boroughofeastnewark.com/
nj,east orange,http://www.eastorange-nj.org/
nj,east rutherford borough,http://www.eastrutherfordnj.net/
nj,east windsor,http://www.east-windsor.nj.us/
nj,east windsor police department,http://www.ewpd.com/
nj,eastampton,http://www.eastampton.com/
nj,eastampton police department,http://www.eastamptonpolicenj.us/
nj,eatontown,http://www.eatontownnj.com/
nj,edgewater,http://www.edgewaternj.org/
nj,edgewater park township,http://edgewaterpark-nj.com/
nj,edison,http://www.edisonnj.org/
nj,egg harbor city,http://www.eggharborcity.org/
nj,egg harbor township,http://www.ehtgov.org/
nj,elizabeth,http://www.elizabethnj.org/
nj,elk township,http://www.elktownshipnj.gov/
nj,elmer borough,http://www.elmerboroughnj.com/
nj,elmwood park,http://www.elmwoodparknj.us/
nj,emerson borough,http://www.emersonnj.org/
nj,englewood,http://cityofenglewood.org/
nj,englewood cliffs borough,http://www.englewoodcliffsnj.org/
nj,englishtown,http://www.englishtownnj.com/default.htm
nj,essex county,http://www.essex-countynj.org/
nj,essex fells borough,http://essexfellsboro.com/
nj,estell manor city,http://www.aclink.org/Admin/Main/Municipal.asp
nj,evesham township,http://www.twp.evesham.nj.us/
nj,ewing township,http://www.ewingtwp.net/
nj,fair haven borough,http://www.fairhavennj.org/
nj,fair lawn,http://www.fairlawn.org/
nj,fairfield,http://www.fairfieldnj.org/
nj,fairfield township,http://www.fairfieldtownshipnj.org/
nj,fanwood borough,http://www.fanwoodnj.org/
nj,far hills borough,http://www.farhillspolice.org/
nj,finderne fire department,http://departments.firehouse.com/dept/Bridgewater2NJ
nj,flemington,http://www.historicflemington.com/
nj,florence,http://www.florence-nj.com/
nj,florham park,http://www.florhamparkboro.net/
nj,folsom borough,http://www.aclink.org/Admin/Main/Municipal.asp
nj,fort lee,http://www.fortleenj.org/
nj,frankford township,http://www.frankfordtownship.com/
nj,franklin borough,http://www.franklinboro.com/
nj,franklin lakes,http://www.franklinlakes.org/index.asp?
nj,franklin township,http://www.franklintownship.com/
nj,franklin township,http://www.co.hunterdon.nj.us/mun/franklin.htm
nj,franklin township,http://www.franklintwpnj.org/
nj,franklin township,http://www.franklintwpwarren.org/
nj,fredon township,http://www.twp.fredon.nj.us/#menu
nj,freehold borough,http://www.freeholdboro.org/
nj,freehold borough police department,http://www.fbpd.net/
nj,freehold township,http://www.twp.freehold.nj.us/
nj,frelinghuysen township,http://www.frelinghuysen-nj.us/
nj,frenchtown,http://frenchtownboro.com/
nj,galloway township,http://www.gallowaytwp-nj.gov/
nj,garfield,http://www.garfieldnj.org/
nj,garwood,http://garwood.org/
nj,gibbsboro,http://www.gibbsborotownhall.com/
nj,glassboro,http://www.glassboroonline.com/
nj,glen gardner borough,http://www.glengardnernj.org/
nj,glen ridge borough,http://glenridgenj.org/
nj,glen rock,http://www.glenrocknj.net/
nj,gloucester,http://www.cityofgloucester.org/
nj,gloucester county,http://www.co.gloucester.nj.us/
nj,gloucester township,http://www.glotwp.com/
nj,green brook township,http://www.greenbrooktwp.org/
nj,green township,http://www.greentwp.com/
nj,greenwich township,http://www.historicgreenwichnj.org
nj,greenwich township,http://www.greenwichtwp.com/
nj,greenwich township,http://www.greenwichtownship.com/
nj,guttenberg town,http://www.guttenbergnj.org/
nj,hackensack,http://www.hackensack.org/
nj,hackettstown,http://www.hackettstown.net/
nj,haddonfield,http://www.haddonfieldnj.org/
nj,haddon heights borough,http://www.haddonhts.com/
nj,haddon township,http://www.haddontwp.com/
nj,hainesport,http://www.hainesporttownship.com/
nj,haledon borough,http://www.haledonboronj.com/
nj,hamilton,http://www.hamiltonnj.com/
nj,hamilton township,http://www.townshipofhamilton.com/
nj,hammonton,http://www.townofhammonton.org/
nj,hampton borough,http://www.hamptonboro.com/
nj,hampton township,http://www.sussex.nj.us/Cit-e-Access/webpage.cfm?TID=7&TPID=1101
nj,hanover township,http://www.hanovertownship.com/
nj,harding township,http://www.hardingnj.org/
nj,hardwick township,http://www.hardwick-nj.us/
nj,hardyston township,http://www.hardyston.com/
nj,harmony township,http://www.harmonytwp-nj.gov/
nj,harrington park,http://www.hpboro.net/
nj,harrison town,http://www.townofharrison.com/
nj,harrison township,http://www.harrisontwp.us/
nj,harvey cedars,http://www.harveycedars.org/
nj,hasbrouck heights,http://www.hasbrouck-heights.nj.us/
nj,hawthorne borough,http://www.hawthornenj.org/
nj,haworth borough,http://www.haworthnj.org/
nj,hazlet,http://www.hazlettwp.org/
nj,helmetta borough,http://www.helmettaboro.com/
nj,high bridge,http://www.highbridge.org/
nj,highlands,http://www.highlandsnj.com/
nj,highland park,http://www.hpboro.com/
nj,hightstown borough,http://www.hightstownborough.com/
nj,hillsborough,http://www.hillsborough-nj.org/
nj,hillsdale,http://www.hillsdalenj.org/
nj,hillside township,http://www.townshipofhillside.org/
nj,hi-nella,http://www.co.camden.nj.us/government/municip.html
nj,hoboken,http://www.hobokennj.org/
nj,ho-ho-kus,http://www.ho-ho-kusboro.com/
nj,holland township,http://www.hollandtownship.org/
nj,holmdel,http://www.holmdeltownship-nj.com/
nj,hopatcong,http://www.hopatcong.org/
nj,hope township,http://www.hopetownship.com/
nj,hopewell borough,http://www.hopewellboro-nj.us/
nj,hopewell township,http://www.hopewelltwp-nj.com/
nj,hopewell township,http://www.hopewelltwp.org/
nj,howell,http://www.twp.howell.nj.us/
nj,hudson county,http://www.hudsoncountynj.org/
nj,hunterdon county,http://www.co.hunterdon.nj.us/
nj,independence township,http://www.independencenj.com/
nj,interlaken,http://www.interlakenboro.com/
nj,irvington township,http://www.irvington.net/
nj,island heights,http://www.islandheightsboro.com/
nj,jackson township,http://www.jacksontwpnj.net/
nj,jacksonville fire company,http://www.jacksonvillefirecompany212.org
nj,jamesburg,http://www.jamesburgborough.org/
nj,jefferson township,http://www.jeffersontownship.net/
nj,jersey city,http://www.cityofjerseycity.com/
nj,keansburg,http://www.keansburgboro.com/
nj,kearny,http://www.kearnyusa.com/
nj,kenilworth borough,http://www.kenilworthborough.com
nj,keyport borough,http://www.keyportonline.com/
nj,kingwood township,http://www.co.hunterdon.nj.us/mun/kingwood.htm
nj,kinnelon,http://www.kinnelonboro.org/
nj,knowlton township,http://knowlton-nj.com/
nj,lacey township,http://www.laceytownship.org/
nj,lafayette township,http://www.sussex.nj.us/Cit-e-Access/webpage.cfm?TID=7&TPID=1104
nj,lake como,http://lakecomonj.org/
nj,lakehurst,http://www.lakehurstnj.org/
nj,lakewood township,http://twp.lakewood.nj.us/
nj,lambertville,http://www.lambertvillenj.org/
nj,laurel springs,http://www.laurelsprings-nj.com/
nj,laurel springs fire department,http://www.station60.com/!live/news.php
nj,lavallette borough,http://www.lavallette.org/
nj,lawnside,http://www.lawnside.net/
nj,lawrence township,http://www.lawrencetwpcumberlandnj.com/
nj,lawrence township,http://www.lawrencetwp.com/
nj,lebanon borough,http://www.co.hunterdon.nj.us/mun/lebnboro.htm
nj,lebanon township,http://www.lebanontownship.net/
nj,leonia borough,http://www.leonianj.gov/
nj,liberty township,http://www.libertytownship.org/
nj,lincoln park,http://www.lincolnpark.org/
nj,linden,http://www.linden-nj.org/
nj,lindenwold,http://www.lindenwoldnj.gov/
nj,lindenwold fire department,http://www.lindenwoldfire.com/
nj,linwood city,http://www.linwoodcity.org/
nj,little egg harbor township,http://www.leht.com/
nj,little falls,http://www.lfnj.com/
nj,little ferry borough,http://www.littleferrynj.org/
nj,little silver borough,http://www.littlesilver.org/ls
nj,livingston,http://www.livingstonnj.org/
nj,loch arbor borough,http://www.locharbournj.us/
nj,lodi borough,http://www.lodi-nj.org/
nj,logan township,http://www.logan-twp.org
nj,long beach township,http://longbeachtownship.com/
nj,long beach township police department,http://www.lbtpd.org/
nj,long branch,http://www.longbranch.org/
nj,long hill township,http://www.longhillnj.org/
nj,longport,http://www.longport-nj.us/
nj,lopatcong township,http://www.lopatcongtwp.com/
nj,lower alloways creek township,http://www.lowerallowayscreek-nj.gov/
nj,lower township,http://www.townshipoflower.org/
nj,lumberton,http://www.lumbertontwp.com/
nj,lyndhurst,http://www.lyndhurstnj.org/
nj,madison,http://www.rosenet.org/madisongov/
nj,magnolia,http://www.magnolia-nj.org/
nj,mahwah,http://www.mahwahtwp.org/
nj,manalapan,http://www.twp.manalapan.nj.us/
nj,manasquan,http://www.manasquan-nj.com/
nj,manchester township,http://www.manchestertwp.com/
nj,mannington township,http://www.manningtontwp.com/
nj,mansfield township,http://www.mansfieldtwp-nj.com/
nj,mansfield township,http://www.mansfieldtownship-nj.gov/
nj,mantoloking borough,http://www.mantoloking.org/
nj,mantua township,http://www.mantuatownship.com/
nj,manville borough,http://www.manvillenj.org/
nj,maple shade township,http://www.mapleshade.com/
nj,maplewood,http://www.twp.maplewood.nj.us/
nj,margate,http://www.margate-nj.com/index.cfm
nj,marlboro township,http://www.marlboro-nj.gov/
nj,matawan,http://64.106.243.185/matawan
nj,maywood,http://www.maywoodboro.org/
nj,maurice river township,http://www.mauricerivertwp.org/
nj,medford,http://www.medfordtownship.com/
nj,medford lakes,http://www.medfordlakes.com/
nj,medford lakes fire department,http://www.mlfd371.org/
nj,mendham borough,http://mendhamnj.org
nj,mendham township,http://www.mendhamtownship.org/
nj,mercer county,http://www.mercercounty.org/
nj,merchantville,http://www.merchantvillenj.gov/
nj,metuchen,http://www.metuchennj.org/
nj,middlesex borough,http://www.middlesexboro.com/
nj,middlesex county,http://www.co.middlesex.nj.us/
nj,middle township,http://www.middletownship.com/
nj,middletown township,http://www.middletownnj.org/
nj,middletown township ems,http://www.middletownems.org/
nj,midland park,http://mpnj.com/
nj,milford borough,http://www.milford-nj.us
nj,millburn,http://twp.millburn.nj.us/
nj,millburn township,http://www.twp.millburn.nj.us/
nj,millstone borough,http://www.millstoneboro.org/
nj,millstone township,http://www.millstone.nj.us/
nj,milltown,http://www.milltownnj.org/
nj,millville,http://www.state.nj.us/counties/cumberland/0610/
nj,mine hill,http://www.minehill.com/
nj,monmouth beach borough,http://www.monmouthbeach.us/
nj,monmouth county,http://www.visitmonmouth.com/
nj,monroe township,http://www.monroetownshipnj.org/
nj,monroe township,http://www.monroetwp.com/
nj,monroe township municipal utilities authority,http://www.mtmua.com/
nj,montague,http://www.montaguenj.org/
nj,montclair,http://www.montclairnjusa.org/
nj,montgomery township,http://www.montgomery.nj.us/
nj,montvale,http://www.montvale.org/
nj,montville township,http://www.montvillenj.org/
nj,moonachie borough,http://www.moonachie.us/
nj,moonachie police department,http://www.moonachiepd.org/
nj,moorestown,http://www.moorestown.nj.us/
nj,morris county,http://www.co.morris.nj.us/
nj,morris countyÂ clerks' office,http://www.morriscountyclerk.org/
nj,morris county park police,http://www.morrisparkpolice.org/
nj,morris county sheriff's office,http://www.mcsheriff.org/
nj,morris county municipal utilities authority,http://www.mcmua.com/
nj,morris plains borough,http://www.morrisplainsboro.org/
nj,morris township,http://www.morristwp.com/
nj,morristown,http://www.townofmorristown.org/
nj,mount arlington,http://mountarlingtonnj.org/
nj,mount ephraim borough,http://www.mountephraim-nj.com/
nj,mount holly,http://www.mountholly.info/
nj,mount laurel,http://www.mountlaurel.com/
nj,mount laurel township municipal utilities authority,http://www.mltmua.com/
nj,mount olive township,http://www.mtolivetwp.org/
nj,mountain lakes,http://www.mtnlakes.org/
nj,mountainside,http://www.mountainside-nj.com/
nj,mullica township,http://www.mullicatownship.org/
nj,national park borough,http://www.nationalparknj.com/index.htm
nj,neptune city,http://www.neptunecitynj.com/
nj,neptune township,http://www.neptunetownship.org/
nj,netcong,http://www.netcong.org/
nj,newark,http://www.ci.newark.nj.us./
nj,new brunswick,http://www.cityofnewbrunswick.org/
nj,new milford borough,http://www.newmilfordboro.com/
nj,new milford police department,http://www.newmilfordnjpd.org/
nj,new providence,http://www.newprov.org/
nj,newfield borough,http://www.newfieldboro.org/
nj,newton,http://www.newtontownhall.com/
nj,north arlington borough,http://www.northarlington.org/
nj,north bergen,http://www.northbergen.org/
nj,north branch volunteer fire company,http://www.nbvfc.org/
nj,north brunswick township,http://www.northbrunswicknj.gov/
nj,north caldwell borough,http://www.northcaldwell.org/home/
nj,north haledon,http://www.northhaledon.com/
nj,north hanover township,http://www.northhanover.us/
nj,north plainfield borough,http://www.northplainfield.org/
nj,north wildwood,http://www.northwildwood.com/
nj,northfield,http://www.cityofnorthfield.org/
nj,northvale borough,http://www.boroughofnorthvale.com/
nj,norwood borough,http://www.norwoodboro.org/
nj,nutley,http://www.nutleynj.org/
nj,oakland,http://www.oakland-nj.org/
nj,oaklyn,http://www.oaklyn-nj.net/
nj,ocean city,http://www.ocnj.us/
nj,ocean county,http://www.co.ocean.nj.us/
nj,ocean county clerk,http://www.oceancountyclerk.com/
nj,ocean township,http://www.oceantwp.org/
nj,ocean township,http://www.townshipofocean.org/
nj,ocean township police,http://www.oceantwp.org/police/
nj,oceanport borough,http://www.oceanportboro.com/
nj,ogdensburg borough,http://www.ogdensburgnj.org/
nj,old bridge township,http://www.oldbridge.com/
nj,oldmans township,http://www.oldmanstownship.com/
nj,old tappan,http://oldtappan.net/
nj,oradell,http://www.oradell.org/
nj,orange township,http://www.ci.orange.nj.us/
nj,oxford township,http://www.oxfordnj.org/
nj,palmyra borough,http://www.boroughofpalmyra.com/
nj,park ridge,http://www.parkridgeboro.com/
nj,paramus,http://www.paramusborough.org/
nj,parsippany,http://www.parsippany.net/
nj,passaic,http://www.cityofpassaic.com/
nj,passaic county,http://www.passaiccountynj.org/
nj,passaic county office of natural resource programs,http://www.pcnjnaturalresources.com/
nj,passaic valley sewerage commissioners,http://www.pvsc.com/
nj,paterson,http://www.patersonnj.gov/
nj,paulsboro,http://www.paulsboronj.org/
nj,peapack-gladstone borough,http://www.pgborough.com/
nj,pemberton borough,http://www.pembertonborough.us/
nj,pemberton township,http://www.pemberton-twp.com/
nj,pemberton township police department,http://www.pembertonpolice.com/
nj,pennington borough,http://www.penningtonboro.org/
nj,pennsauken township,http://www.twp.pennsauken.nj.us/
nj,penns grove borough,http://www.salemcountynj.gov/cmssite/default.asp?contentID=1146
nj,pennsville,http://www.pennsville.org/
nj,pequannock,http://www.peqtwp.org/
nj,perth amboy,http://www.ci.perthamboy.nj.us/
nj,phillipsburg,http://www.phillipsburgnj.org/
nj,pilesgrove township,http://www.pilesgrovenj.org/
nj,pine beach borough,http://www.pinebeachborough.us/pinebeach.htm
nj,pine hill borough,http://www.pinehillboronj.com/
nj,pine valley borough,http://www.co.camden.nj.us/government/municip.html
nj,piscataway township,http://www.piscatawaynj.org/
nj,pitman,http://www.pitman.org/
nj,pittsgrove,http://www.pittsgrovetownship.com/
nj,plainfield,http://www.plainfield.com/
nj,plainsboro,http://www.plainsboronj.com/
nj,pleasantville,http://www.pleasantville-nj.org/
nj,plumsted township,http://www.plumsted.org/
nj,pohatcong,http://www.pohatcong.com/
nj,point pleasant borough,http://www.ptboro.com/
nj,point pleasant beach,http://www.pointpleasantbeach.org/
nj,pompton lakes,http://www.pomptonlakesgov.com/
nj,port republic borough,http://www.aclink.org/Admin/Main/Municipal.asp
nj,princeton,http://www.princetonnj.gov
nj,prospect park borough,http://www.prospectpark.net/
nj,rahway,http://www.cityofrahway.com/
nj,ramsey,http://www.ramseynj.com/
nj,randolph,http://www.gti.net/randolph/
nj,raritan borough,http://www.raritanboro.org/
nj,raritan township,http://www.raritan-township.com/
nj,readington township,http://www.readingtontwp.org/
nj,red bank,http://www.redbanknj.org/
nj,ridgefield borough,http://ridgefieldboro.org/
nj,ridgefield park,http://www.ridgefieldpark.org/
nj,ridgewood,http://www.ridgewoodnj.net/
nj,ringwood,http://www.ringwoodnj.net/
nj,river edge borough,http://www.riveredgenj.org/
nj,riverdale borough,http://www.riverdalenj.gov/
nj,riverside township,http://www.riversidetwp.org/
nj,riverton,http://www.riverton-nj.com/
nj,river vale township,http://www.rivervalenj.org/
nj,robbinsville township,http://www.robbinsville-twp.org/
nj,robbinsville township fire department,http://www.robbinsvillefire.org/news/index/layoutfile/home
nj,rochelle park township,http://www.rochelleparknj.gov/
nj,rockaway borough,http://www.rockawayborough.com/
nj,rockaway township,http://www.rockawaytownship.org/
nj,rockleigh borough,http://www.rockleighnj.org/
nj,rocky hill,http://www.rockyhill-nj.gov/
nj,roseland,http://www.roselandnj.org/
nj,roselle borough,http://www.boroughofroselle.com/
nj,roselle office of emergency management,http://www.roselleoem.org/
nj,roselle park borough,http://www.rosellepark.net/
nj,roxbury township,http://www.roxburynj.us/
nj,rumson,http://www.rumsonnj.gov/
nj,runnemede borough,http://www.runnemedenj.org/
nj,rutherford,http://www.rutherford-nj.com/
nj,rutherford first aid-ambulance corps,http://www.rutherfordems.org/
nj,saddle brook police department,http://www.saddlebrookpd.com/
nj,saddle river,http://www.saddleriver.org/
nj,saddle river police department,http://www.saddleriverpd.com/
nj,salem city,http://www.salemcitynj.com/
nj,salem county,http://www.salemcountynj.gov/
nj,sandyston township,http://www.sandystontownship.com
nj,sayreville,http://www.sayreville.com/
nj,scotch plains,http://www.scotchplainsnj.com/
nj,sea bright borough,http://www.seabrightnj.org/
nj,sea girt borough,http://www.seagirtboro.com/
nj,sea girt police,http://www.seagirtpd.net/
nj,sea isle city,http://sea-isle-city.nj.us/
nj,seaside heights,http://www.seaside-heightsnj.org/
nj,seaside park,http://www.seasideparknj.org/
nj,secaucus,http://secaucusnj.org/
nj,sergeantsville volunteer fire company,http://www.sergeantsville.org/
nj,shamong township,http://www.shamong.net/
nj,shiloh borough,http://www.co.cumberland.nj.us/content/173/211/809.aspx
nj,ship bottom borough,http://www.shipbottom.org/
nj,shrewsbury borough,http://www.shrewsburyboro.com/
nj,somerdale borough,http://www.somerdale-nj.com/
nj,somerset county,http://www.co.somerset.nj.us/
nj,somers point,http://www.somerspointgov.org
nj,somerville,http://www.somervillenj.org/
nj,somerville police department,http://www.somervillepd.org/
nj,south amboy,http://www.southamboynj.gov/
nj,south bound brook borough,http://www.sbbnj.com
nj,south bound brook fire department,http://sbbfd.com/
nj,south brunswick,http://www.twp.south-brunswick.nj.us/
nj,south brunswick fire district #1,http://www.sbfd1.org/
nj,south hackensack township,http://www.southhackensacknj.org/
nj,south harrison township,http://www.southharrison-nj.org/
nj,south orange,http://www.southorange.org/
nj,south plainfield,http://www.southplainfieldnj.com/
nj,south river borough,http://www.southrivernj.org/
nj,south toms river borough,http://www.strnj.com/
nj,southampton township,http://www.southamptonnj.org/
nj,sparta township,http://www.spartanj.org/
nj,spotswood,http://www.spotswoodboro.com/
nj,springfield,http://www.springfield-nj.us/
nj,spring lake,http://www.springlakeboro.org/
nj,spring lake heights borough,http://www.springlakehts.com/
nj,stafford township,http://twp.stafford.nj.us/
nj,stanhope borough,http://stanhopenj.gov/
nj,stillwater township,http://www.stillwaternj.us/
nj,stockton borough,http://www.co.hunterdon.nj.us/mun/stockton.htm
nj,stone harbor,http://www.stone-harbor.nj.us/
nj,stow creek township,http://www.co.cumberland.nj.us/content/173/211/1983.aspx
nj,stratford,http://www.stratfordnj.org/
nj,summit,http://www.cityofsummit.org/
nj,sussex borough,http://www.sussexboro.com/
nj,sussex county,http://www.sussex.nj.us/
nj,swedesboro,http://www.swedesboro-nj.us/
nj,tabernacle,http://www.townshipoftabernacle-nj.gov/
nj,tavistock borough,http://www.tavistocknj.org/
nj,teaneck,http://www.teanecknj.gov/
nj,tenafly borough,http://www.tenaflynj.org/
nj,tewksbury,http://www.tewksburytwp.net/
nj,tinton falls,http://www.tintonfalls.com/
nj,toms river fire department,http://www.tomsriverfire.com/
nj,toms river township,http://tomsrivertownship.com/
nj,totowa borough,http://www.totowanj.org/
nj,trenton,http://www.trentonnj.org/
nj,trenton police,http://trentonpolice.com/
nj,tuckerton,http://www.tuckertonborough.com/
nj,union beach borough,http://www.unionbeach.net/
nj,union city,http://www.ucnj.com/
nj,union county,http://www.unioncountynj.org/
nj,union county police department,http://www.unioncountynj.org/police/
nj,union township,http://www.uniontwp-hcnj.org/
nj,union township,http://www.uniontownship.com/
nj,upper deerfield township,http://www.upperdeerfield.org/
nj,upper freehold township,http://www.uftnj.com/
nj,upper pittsgrove township,http://www.upperpittsgrovenj.org/
nj,upper saddle river,http://www.usrtoday.org/
nj,upper township,http://www.uppertownship.com/
nj,ventnor city,http://www.ventnorcity.org/
nj,vernon township,http://www.vernontwp.com/
nj,verona,http://www.veronanj.org/
nj,vineland,http://www.vinelandcity.org/
nj,voorhees,http://www.voorheesnj.com/
nj,waldwick,http://www.waldwickpd.org/
nj,wall township,http://www.wallnj.com/
nj,wallington,http://www.wallingtonnj.org/
nj,walpack township,http://www.sussex.nj.us/Cit-e-Access/webpage.cfm?TID=7&TPID=1113
nj,wanaque borough,http://www.wanaqueborough.com/
nj,wantage township,http://wantagetwp.com/
nj,warren county,http://www.co.warren.nj.us/
nj,warren county department of public safety,http://www.co.warren.nj.us/publicsafety/
nj,warren township,http://www.warrennj.org/
nj,washington borough,http://www.washingtonboro-nj.org/
nj,washington township,http://www.twpofwashington.us/
nj,washington township,http://www.twp.washington.nj.us/
nj,washington township,http://www.washtwpmorris.org/
nj,washington township,http://www.washington-twp-warren.org/
nj,washington township fire department no. 3,http://www.35fire.org/
nj,watchung,http://watchungnj.com/
nj,waterford township,http://www.waterfordtwp.org/
nj,wayne township,http://www.waynetownship.com/
nj,weehawken,http://www.weehawken-nj.us/
nj,weehawken volunteer first aid squad,http://www.wvfas.org/
nj,wenonah borough,http://www.boroughofwenonah.com/
nj,west amwell,http://www.westamwelltwp.org/
nj,west caldwell,http://www.westcaldwell.com/
nj,west cape may borough,http://www.westcapemay.us/
nj,west deptford township,http://www.westdeptford.com/
nj,west long branch borough,http://www.westlongbranch.org/
nj,west milford township,http://westmilford.org/
nj,west new york,http://www.westnewyorknj.org/
nj,west orange,http://www.westorange.org/
nj,west wildwood,http://www.westwildwoodnj.com/
nj,west windsor,http://www.westwindsornj.org/
nj,westampton township,http://www.westampton.com/
nj,westfield,http://www.westfieldnj.gov/
nj,westville,http://westville-nj.com/home/
nj,westwood,http://www.westwoodnj.gov/
nj,weymouth,http://www.weymouthnj.org/
nj,wharton,http://www.whartonnj.com/
nj,white township,http://www.co.warren.nj.us/mun/white.html
nj,wildwood crest borough,http://www.wildwoodcrest.org/
nj,wildwood,http://www.wildwoodnj.org/
nj,willingboro,http://www.willingborotwp.org/
nj,winfield township school,http://www.winfieldschool.org/
nj,winslow township,http://www.winslowtownship.com/
nj,woodbine borough,http://www.boroughofwoodbine.net/
nj,woodbridge township,http://www.twp.woodbridge.nj.us/
nj,woodbury,http://woodbury.nj.us/
nj,woodbury fire department,http://www.woodburyfd.net/
nj,woodbury heights borough,http://www.bwhnj.com/
nj,woodcliff lake,http://www.wclnj.com/
nj,woodcliff lake police department,http://www.wclpd.com/
nj,woodland park,http://www.wpnj.us
nj,woodlynne,http://www.woodlynnenj.com/
nj,wood-ridge,http://www.wood-ridgenj.org/
nj,woodstown borough,http://www.historicwoodstown.org/
nj,woolwich township,http://www.woolwichtwp.org/
nj,wyckoff,http://www.wyckoff-nj.com/
