co,alamosa,http://www.cityofalamosa.org
co,alma,http://www.townofalma.com
co,arriba,http://www.arribacolorado.org
co,arvada,http://www.ci.arvada.co.us/
co,aspen,http://www.aspenpitkin.com
co,ault,http://www.townofault.org
co,aurora,http://www.ci.aurora.co.us
co,avon,http://www.avon.org/
co,basalt,http://www.basalt.net
co,bayfield,http://www.bayfieldgov.org
co,bennett,http://www.bennett.co.us/
co,berthoud,http://www.ci.berthoud.co.us/
co,black hawk,http://www.cityofblackhawk.org
co,blue river,http://www.townofblueriver.com/
co,boulder,http://www.ci.boulder.co.us
co,bow mar,http://www.bowmar.gov
co,breckenridge,http://www.townofbreckenridge.com
co,brighton,http://www.brightonco.gov
co,broomfield,http://www.broomfield.org/
co,brush,http://www.brushcolo.com/
co,buena vista,http://www.buenavistaco.gov/
co,burlington,http://www.burlingtoncolo.com/
co,canon city,http://www.canoncity.org/
co,carbondale,http://www.carbondalegov.org/
co,castle pines,http://www.castlepinesgov.com/
co,castle rock,http://www.townofcastlerock.org
co,cedaredge,http://www.Cedaredgecolorado.com
co,centennial,http://www.centennialcolorado.com
co,center,http://www.centerco.gov
co,cherry hills village,http://www.cherryhillsvillage.com
co,cheyenne wells,http://www.townofcheyennewells.com
co,collbran,http://www.townofcollbran.us
co,colorado springs,http://www.springsGov.com
co,columbine valley,http://www.columbinevalley.org
co,commerce city,http://www.ci.commerce-city.co.us/
co,cortez,http://www.cityofcortez.com
co,craig,http://www.ci.craig.co.us
co,crested butte,http://www.townofcrestedbutte.com
co,crestone,http://www.townofcrestone.org
co,cripple creek,http://www.cripplecreekgov.com
co,dacono,http://www.ci.dacono.co.us
co,de beque,http://debeque.org
co,delta,http://www.delta-co.gov
co,denver,http://www.denvergov.org/
co,dillon,http://www.ci.dillon.co.us
co,dolores,http://www.townofdolores.com/
co,durango,http://www.durangogov.org/
co,eads,http://www.kcedfonline.org/eads.htm
co,eagle,http://www.townofeagle.org/
co,eaton,http://www.eatonco.org/
co,edgewater,http://www.edgewaterco.com/
co,elizabeth,http://www.townofelizabeth.org
co,englewood,http://www.englewoodgov.org
co,erie,http://www.erieco.gov/index.cfm
co,estes park,http://www.estesnet.com
co,evans,http://www.cityofevans.org
co,federal heights,http://www.fedheights.org
co,firestone,http://www.ci.firestone.co.us
co,flagler,http://www.flaglercolorado.com
co,florence,http://www.florenceco.govoffice2.com
co,fort collins,http://www.ci.fort-collins.co.us
co,fort lupton,http://www.fortlupton.org
co,fort morgan,http://www.cityoffortmorgan.com
co,fountain,http://www.fountaincolorado.org
co,fowler,http://www.fowlercolorado.com
co,foxfield,http://foxfieldcolorado.com
co,fraser,http://www.frasercolorado.com/
co,frederick,http://www.frederickco.gov
co,frisco,http://www.townoffrisco.com
co,fruita,http://fruita.org
co,georgetown,http://www.town.georgetown.co.us
co,gilcrest,http://www.townofgilcrest.org
co,glendale,http://www.glendale.co.us
co,glenwood springs,http://www.cogs.us
co,golden,http://www.cityofgolden.net/
co,granby,http://www.townofgranby.com
co,grand junction,http://www.ci.grandjct.co.us
co,grand lake,http://www.townofgrandlake.com
co,greeley,http://www.greeleygov.com
co,greenwood village,http://www.greenwoodvillage.com/
co,gunnison,http://www.cityofgunnison-co.gov/
co,gypsum,http://www.townofgypsum.com
co,hayden,http://www.townofhayden.org
co,hillrose,http://www.hillrosecolorado.org
co,hot sulphur springs,http://www.hotsulphurspringsco.com/
co,hudson,http://www.hudsoncolorado.org/
co,hugo,http://www.cityofhugoco.org
co,idaho springs,http://www.idahospringsco.com/
co,ignacio,http://www.townofignacio.com
co,jamestown,http://www.jamestownco.org
co,johnstown,http://www.townofjohnstown.com/
co,julesburg,http://www.townofjulesburg.com/
co,julesburg,http://townofkersey.org/
