me,auburn,http://www.auburnmaine.org/
me,durham,""
me,allagash,http://www.aroostook.me.us/allagash/
me,amity,""
me,ashland,http://www.townofashland.com/
me,bancroft,""
me,blaine,""
me,bridgewater,""
me,caribou,http://www.cariboumaine.org/
me,cary plt,""
me,castle hill,""
me,caswell,""
me,chapman,""
me,crystal,""
me,cyr plt,http://Maine.gov
me,dyer brook,""
me,baldwin,""
me,bridgton,""
me,brunswick,http://www.brunswickme.org/
me,cape elizabeth,http://www.capeelizabeth.com/
me,casco,http://www.cascomaine.org/
me,chebeague island,""
me,cumberland,http://www.cumberlandmaine.com/
me,avon,""
me,carrabassett valley,http://www.carrabassettvalley.org/
me,carthage,""
me,chesterville,""
me,coplin plt,""
me,dallas plt,""
me,albion,http://www.albionmaine.org/
me,augusta,http://www.ci.augusta.me.us/
me,belgrade,http://www.belgrademaine.com/
me,benton,""
me,chelsea,http://www.kvcog.org/Towns/chelsea.htm
me,china,http://www.china.govoffice.com
me,clinton,http://www.clinton-me.us
me,appleton,""
me,camden,http://www.town.camden.me.us/
me,cushing,""
me,alna,""
me,boothbay,http://www.town.boothbay.me.us/
me,boothbay harbor,http://www.boothbayharbor.com/
me,bremen,""
me,bristol,http://www.bristolmaine.org
me,damariscotta,http://damariscottame.com
me,dresden,http://townofdresden.com
me,andover,http://www.rivervalleychamber.com/
me,bethel,http://www.bethelmaine.org/
me,brownfield,""
me,buckfield,""
me,byron,http://www.rivervalleychamber.com/
me,canton,""
me,denmark,""
me,dixfield,http://www.megalink.net/%7Edixfield/
me,alton,""
me,bangor,http://www.bangormaine.gov
me,bradford,""
me,bradley,""
me,brewer,http://www.brewerme.org/
me,burlington,http://www.burlingtonme.com/
me,carmel,http://www.townofcarmel.org/
me,carroll plt,""
me,charleston,""
me,chester,""
me,clifton,""
me,corinna,http://www.tdstelme.net/%7Ecorinna/
me,corinth,""
me,dexter,http://www.dextermaine.org/
me,dixmont,""
me,drew plt,""
me,abbot,""
me,atkinson,http://www.atkinson-me.org/
me,beaver cove,""
me,bowerbank,http://bowerbank.trcmaine.org/
me,brownville,http://brownville.trcmaine.org/
me,dover-foxcroft,http://www.dover-foxcroft.org/
me,arrowsic,http://home.gwi.net/arrowsic/
me,bath,http://www.cityofbath.com/
me,bowdoin,http://www.bowdoinme.com
me,bowdoinham,http://www.bowdoinham.com/
me,anson,http://www.kvcog.org/Towns/anson.htm
me,athens,http://www.kvcog.org/Towns/athens.htm
me,bingham,http://www.binghammaine.org/
me,brighton plt,""
me,cambridge,http://www.kvcog.org/Towns/cambridge.htm
me,canaan,"http://www.kvcog.org/Towns/canaan.htm
"
me,caratunk,http://www.kvcog.org/Towns/caratunk.htm
me,cornville,http://www.kvcog.org/Towns/cornville.htm
me,dennistown plt,""
me,detroit,http://www.kvcog.org/Towns/detroit.htm
me,belfast,http://www.cityofbelfast.org/
me,belmont,""
me,brooks,""
me,burnham,http://www.kvcog.org/Towns/Burnham.htm
me,addison,""
me,alexander,""
me,baileyville,""
me,beals,""
me,beddington,""
me,calais,""
me,centerville,""
me,charlotte,""
me,cherryfield,http://geocities.com/Yosemite/Geyser/2053/cherryindex.html
me,codyville plt,""
me,columbia,""
me,columbia falls,http://home.midmaine.com/%7Ecolfalls/
me,cooper,""
me,crawford,""
me,cutler,""
me,danforth,""
me,deblois,""
me,dennysville,""
me,acton,http://www.actonmaine.org
me,alfred,http://www.alfredme.us/
me,arundel,http://www.arundelmaine.org
me,berwick,http://www.berwickmaine.org/
me,biddeford,http://www.biddefordmaine.org/
me,buxton,http://www.buxton.me.us/
me,cornish,http://www.cornish-maine.org/
me,dayton,http://www.dayton-me.gov
