vt,addison county rpc,http://www.acrpc.org
vt,addison county swmd,http://www.acswmd.org
vt,addison town,http://www.addisonvt.org
vt,alburgh town,http://www.alburghvt.org
vt,arlington town,http://www.Arlingtonvt.org
vt,ascutney fire district 2,http://www.weathersfieldvt.org
vt,barnet town,http://www.barnetvt.org
vt,barre city,http://www.barrecity.org
vt,barre housing authority,http://www.barrehousingauthority.com
vt,barre town,http://www.barretown.org
vt,barton town,http://www.townofbarton.com
vt,bellows falls village,http://www.rockbf.org
vt,bennington county regional commission,http://www.bcrcvt.org
vt,bennington town,http://www.bennington.com
vt,benson town,http://www.benson-vt.com
vt,berlin town,http://www.berlinvt.org
vt,bethel town,http://www.bethelvt.govoffice3.com
vt,bolton town,http://www.boltonvt.com
vt,bradford town,http://www.bradford-vt.us
vt,braintree town,http://www.braintreevt.com
vt,brandon town,http://www.town.brandon.vt.us
vt,brattleboro town,http://www.brattleboro.org
vt,brighton town,http://www.brightonvt.org
vt,bristol town,http://www.bristolvt.org
vt,brookfield town,http://www.brookfieldvt.org
vt,brookline town,http://www.brooklinevt.com
vt,burke town,http://www.burkevermont.org
vt,burlington city,http://www.burlingtonvt.gov
vt,burlington housing authority,http://www.burlingtonhousing.org
vt,cabot town,http://www.cabotvt.us
vt,calais town,http://www.calaisvermont.gov
vt,cambridge town,http://www.townofcambridgevt.org
vt,canaan town,http://www.canaanvt.org
vt,castleton town,http://www.castletonvermont.org
vt,cavendish town,http://www.cavendishvt.com
vt,central vermont rpc,http://www.centralvtplanning.org
vt,central vermont swmd,http://www.cvswmd.org
vt,charleston town,http://www.charlestonvt.org
vt,charlotte town,http://www.charlottevt.org
vt,chelsea town,http://www.chelseavt.org
vt,chester town,http://www.chester.govoffice.com
vt,chittenden county rpc,http://www.ccrpcvt.org
vt,chittenden county superior court,http://www.chittendensuperiorcourt.com
vt,chittenden swd,http://www.cswd.net
vt,chittenden town,http://www.chittendenvt.org
vt,clarendon town,http://www.clarendonvt.org
vt,colchester town,http://www.colchestervt.gov
vt,concord town,http://www.concordvt.us
vt,corinth town,http://www.corinthvt.org
vt,cornwall town,http://www.cornwallvt.com
vt,craftsbury town,http://www.townofcraftsbury.com
vt,danville town,http://www.danvillevt.com
vt,derby town,http://www.derbyvt.org
vt,dorset town,http://www.dorsetvt.org
vt,dover town,http://www.doververmont.com
vt,dummerston town,http://www.dummerston.org
vt,duxbury town,http://www.duxburyvermont.org
vt,eden town,http://www.edenvt.org
vt,elmore town,http://www.elmorevt.org
vt,enosburg falls village,http://www.villageofenosburgfalls.org
vt,enosburgh town,http://www.enosburghvermont.org
vt,essex junction village,http://www.essexjunction.org
vt,essex town,http://www.essex.org
vt,fair haven town,http://www.fairhavenvt.org
vt,fairfax town,http://www.vtgrandpa.com
vt,fairfield town,http://www.fairfieldvermont.us
vt,fairlee town,http://www.fairleevt.org
vt,fayston town,http://www.faystonvt.com
vt,ferrisburgh town,http://www.ferrisburghvt.org
vt,fletcher town,http://www.fletchervt.net
vt,franklin town,http://www.franklinvermont.com
vt,georgia town,http://www.townofgeorgia.com
vt,glover town,http://www.townofglover.com
vt,goshen town,http://www.goshenvt.org
vt,grand isle town,http://www.grandislevt.org
vt,granville town,http://www.granvillevermont.org
vt,greater upper valley swmd,http://www.guvswd.org
vt,greensboro town,http://www.greensborovt.org
vt,groton town,http://www.grotonvt.com
vt,guildhall town,http://www.guildhallvt.org
vt,guilford town,http://www.guilfordvt.org
vt,halifax town,http://www.halifaxvermont.com
vt,hancock town,http://www.hancockvt.us
vt,hardwick town,http://www.hardwickvt.org
vt,hartford town,http://www.hartford-vt.org
vt,hartland town,http://www.hartland.govoffice.com
vt,highgate town,http://www.highgate.weebly.com
vt,hinesburg town,http://www.hinesburg.org
vt,hubbardton town,http://www.hubbardtonvt.com
vt,huntington town,http://www.huntingtonvt.org
vt,hyde park town,http://www.hydeparkvt.com
vt,hyde park village,http://www.hydeparkvt.com
vt,ira town,http://www.townofira.com
vt,irasburg town,http://www.irasburgvt.com
vt,isle la motte town,http://www.islelamotte.us
vt,jamaica town,http://www.jamaicavermont.org
vt,jay town,http://www.jayvt.com
vt,jericho town,http://www.jerichovt.gov
vt,jericho-underhill library district,http://www.drml.org
vt,johnson town,http://www.townofjohnson.com
vt,johnson village,http://www.townofjohnson.com
vt,killington town,http://www.killingtontown.com
vt,lamoille county nrcd,http://www.lcnrcd.com
vt,lamoille county planning commission,http://www.lcpcvt.org
vt,lamoille regional swmd,http://www.lrswmd.org
vt,leicester town,http://www.leicestervt.org
vt,lincoln town,http://www.lincolnvermont.org
vt,londonderry town,http://www.londonderryvt.org
vt,ludlow town,http://www.ludlow.vt.us
vt,ludlow village,http://www.ludlow.vt.us
vt,lyndon town,http://www.lyndonvt.org
vt,maidstone town,http://www.maidstone-vt.org
vt,manchester town,http://www.manchester-vt.gov
vt,marlboro town,http://www.marlboro.vt.us
vt,marshfield town,http://www.town.marshfield.vt.us
vt,mendon town,http://www.mendonvt.org
vt,middlebury town,http://www.townofmiddlebury.org/
vt,middlesex town,http://www.middlesexvermont.org
vt,middletown springs town,http://www.middletownsprings.vt.gov
vt,milton town,http://www.milton.govoffice2.com
vt,monkton town,http://www.monktonvt.com
vt,montgomery town,http://www.montgomeryvt.us
vt,montpelier city,http://www.montpelier-vt.org
vt,moretown town,http://www.moretownvt.com
vt,morgan town,http://www.town.morgan-vt.org
vt,morristown town,http://www.morristownvt.org
vt,morrisville water and light dept,http://www.mwlvt.com
vt,mount holly town,http://www.mounthollyvt.org
vt,new haven town,http://www.newhavenvt.com
vt,newbury town,http://www.cohase.org
vt,newfane town,http://www.newfanevt.com
vt,newport city,http://www.newportvermont.org
vt,north bennington village,http://www.northbennington.org
vt,north hero town,http://www.northherovt.com
vt,northeast kingdom wmd,http://www.nekwmd.org
vt,northeastern vermont development assoc,http://www.nvda.net
vt,northfield town,http://www.northfield-vt.gov
vt,northfield village,http://www.northfield-vt.gov
vt,northwest rpc,http://www.nrpcvt.com
vt,northwest vermont swmd,http://www.nwswd.org
vt,norwich town,http://www.norwich.vt.us
vt,orange town,http://www.orangevt.org
vt,orwell town,http://www.town-of-orwell.org
vt,panton town,http://www.pantonvt.us
vt,pawlet town,http://www.pawlet.vt.gov
vt,peacham town,http://www.peacham.net
vt,pittsfield town,http://www.pittsfieldvt.org
vt,pittsford town,http://www.pittsfordvermont.com
vt,plainfield town,http://www.plainfieldvt.us
vt,plymouth town,http://www.plymouthvt.org
vt,pomfret town,http://www.pomfretvt.us
vt,poultney-mettowee nrcd,http://www.pmnrcd.org
vt,pownal,http://www.pownalvt.org
vt,proctor town,http://www.proctorvermont.com
vt,putney town,http://www.putneyvt.org
vt,randolph town,http://www.randolph.vt.us
vt,reading town,http://www.readingvt.govoffice.com
vt,readsboro town,http://www.readsborovt.org
vt,richford town,http://www.richfordvt.org
vt,richmond town,http://www.richmondvt.com
vt,ripton town,http://www.riptonvt.org
vt,rochester town,http://www.rochestervermont.org
vt,rockingham town,http://www.rockbf.org
vt,roxbury town,http://www.roxbury.govoffice2.com
vt,royalton town,http://www.royaltonvt.com
vt,rutland city,http://www.rutlandcity.com
vt,rutland county swd,http://www.rcswd.com
vt,rutland housing authority,http://www.rhavt.org
vt,rutland rpc,http://www.rutlandrpc.org
vt,rutland town,http://www.rutlandtown.com
vt,ryegate town,http://www.ryegatevt.org
vt,salisbury town,http://www.townofsalisbury.org
vt,sandgate town,http://www.sandgatevermont.org
vt,shaftsbury town,http://www.shaftsbury.net
vt,sharon town,http://www.sharonvt.net
vt,shelburne town,http://www.shelburnevt.org
vt,shoreham town,http://www.shorehamvt.org
vt,shrewsbury town,http://www.shrewsburyvt.org
vt,south burlington city,http://www.sburl.com
vt,south hero town,http://www.southherovt.org
vt,southern windsor county rpc,http://www.swcrpc.org
vt,southern windsor-windham county swmd,http://www.vtsolidwastedistrict.org
vt,springfield town,http://www.springfieldvt.govoffice2.com
vt,st. albans city,http://www.stalbansvt.com
vt,st. albans town,http://www.stalbanstown.com
vt,st. george town,http://www.stgeorgevt.com
vt,st. johnsbury town,http://www.stjtown.com
vt,stamford town,http://www.stamfordvt.org
vt,starksboro town,http://www.starksboro.org
vt,stowe town,http://www.townofstowevt.org
vt,strafford town,http://www.straffordvt.org
vt,stratton town,http://www.townofstrattonvt.com
vt,sunderland town,http://www.sunderlandvt.org
vt,swanton town,http://www.swantonvermont.org
vt,swanton village,http://www.swanton.net
vt,thetford town,http://www.thetfordvermont.us
vt,tinmouth town,http://www.tinmouthvt.org
vt,topsham town,http://www.topshamvt.org
vt,townshend town,http://www.townshendvt.net
vt,troy town,http://www.troyvt.org
vt,tunbridge town,http://www.tunbridgevt.com
vt,two rivers-ottauquechee regional commission,http://www.trorc.org
vt,underhill town,http://www.underhillvt.gov
vt,unified towns and gores of essex county,http://www.utg-vt.org
vt,vergennes city,http://www.vergennes.org
vt,vermont state housing authority,http://www.vsha.org
vt,vernon town,http://www.vernon-vt.org
vt,vershire town,http://www.vershirevt.org
vt,waitsfield town,http://www.waitsfieldvt.us
vt,wallingford town,http://www.wallingfordvt.com
vt,warren town,http://www.warrenvt.org
vt,waterbury town,http://www.waterburyvt.com
vt,waterbury village,http://www.waterburyvt.com
vt,weathersfield town,http://www.weathersfieldvt.org
vt,wells town,http://www.wellsvt.com
vt,west fairlee town,http://www.westfairleevt.com
vt,west rutland town,http://www.westrutlandtown.com
vt,west windsor town,http://www.westwindsorvt.govoffice2.com
vt,westford town,http://www.westfordvt.us
vt,westminster town,http://www.westminstervt.org
vt,westmore town,http://www.westmoreonline.org
vt,weston town,http://www.westonvt.org
vt,weybridge town,http://www.weybridge.govoffice.com
vt,williamstown town,http://www.williamstownvt.org
vt,williston town,http://www.town.williston.vt.us
vt,wilmington town,http://www.wilmingtonvermont.us
vt,windham regional commission,http://www.windhamregional.org
vt,windham swmd,http://www.windhamsolidwaste.org
vt,windsor town,http://www.windsorvt.org
vt,winhall town,http://www.winhall.org
vt,winooski city,http://www.winooskivt.org
vt,winooski nrcd,http://www.winooskinrcd.org
vt,winooski valley park district,http://www.wvpd.org
vt,wolcott town,http://www.wolcottvt.org
vt,woodbury town,http://www.woodburyvt.org
vt,woodstock town,http://www.townofwoodstock.org
vt,woodstock village,http://www.townofwoodstock.org
vt,worcester town,http://www.worcestervt.org
